Category,Guideline,Description,Do,Don't,Code Good,Code Bad,Severity,Docs URL
Styling,Pick one Quick Controls style,QML Quick Controls 2 ships styles: Basic/Fusion/Material/Universal/macOS/iOS,Set the style once at startup before loading QML,Mix per-control native overrides ad hoc,"QQuickStyle.setStyle(""Material"")  # in Python before engine.load","import QtQuick.Controls.Basic + per-control hacks",HIGH,https://doc.qt.io/qt-6/qtquickcontrols-styles.html
Styling,Customize via the style not inline,Material/Universal expose theme + accent properties,Set Material.theme / Material.accent at Application root,Hardcode colors on every control,"Material.accent: ""#2563eb""; Material.theme: Material.Dark","color: ""#2563eb"" on each Button",MEDIUM,https://doc.qt.io/qt-6/qtquickcontrols-material.html
Theming,Theme via singleton,Centralize colors/sizes in one QML singleton,Create a Theme.qml singleton (pragma Singleton) and reference Theme.accent,Scatter literal colors across files,"pragma Singleton; readonly property color accent: ""#2563eb""","property color c: ""#2563eb"" repeated everywhere",HIGH,https://doc.qt.io/qt-6/qtqml-syntax-objectattributes.html
Layout,Use Layouts for resizable UI,RowLayout/ColumnLayout/GridLayout resize children,Use Layout.fillWidth/preferredWidth on children,Anchor children inside a Layout item,"ColumnLayout { Button { Layout.fillWidth: true } }","ColumnLayout { Button { anchors.fill: parent } }",HIGH,https://doc.qt.io/qt-6/qtquicklayouts-overview.html
Performance,Avoid heavy JS in bindings,Bindings re-run on every dependency change,Keep bindings cheap; compute in C++/Python and expose properties,Do loops/filtering inside a property binding,"text: model.displayName","text: heavyFilter(bigList).join()",HIGH,https://doc.qt.io/qt-6/qtquick-performance.html
Performance,Use delegates + reuse,Large lists must virtualize and reuse delegates,Use ListView/TableView with reuseItems: true,Instantiate 1000s of items via Repeater,"ListView { reuseItems: true; delegate: ... }","Repeater { model: 5000 }",HIGH,https://doc.qt.io/qt-6/qml-qtquick-listview.html
Accessibility,Set Accessible attached props,Screen readers need names/roles on custom items,Add Accessible.name/role to custom controls and icon buttons,Leave custom MouseArea controls unlabeled,"Accessible.role: Accessible.Button; Accessible.name: ""Save""","MouseArea { onClicked: save() }  // no a11y",HIGH,https://doc.qt.io/qt-6/qml-qtquick-accessible.html
Integration,Expose backend via context/singleton,Connect QML to Python cleanly,Expose a QObject with Signals/Slots/Properties via setContextProperty or QML_ELEMENT,Call Python by string-building or globals,"engine.rootContext().setContextProperty(""backend"", backend)","eval-style string calls into Python",MEDIUM,https://doc.qt.io/qt-6/qtqml-cppintegration-topic.html
Motion,Use Behavior/animations sparingly,QML animations are easy to overuse,150-250ms transitions on opacity/scale via Behavior,Animate x/y/width every frame with long durations,"Behavior on opacity { NumberAnimation { duration: 200 } }","NumberAnimation { duration: 1200; property: ""width"" }",LOW,https://doc.qt.io/qt-6/qtquick-statesanimations-animations.html
HiDPI,Size in logical units,QML uses logical pixels; scaling is automatic,Use implicit sizes + Layout hints; SVG icons,Hardcode device pixels for 1080p only,"Image { source: ""qrc:/i/save.svg"" }","Image { source: ""save_24.png""; width: 24 }",MEDIUM,https://doc.qt.io/qt-6/highdpi.html
