Component,Keywords,QML Control,QSS Selector,Key Properties,States,Accessibility,Notes
Button,"button, action, cta, push",Button (QtQuick.Controls),QPushButton,"min-height 32px, padding 6px 14px, radius 6px","QPushButton:hover / :pressed / :disabled / :focus","setAccessibleName; ensure focus ring; Enter activates","One primary CTA per view; secondary = flat/outline"
Icon Button,"icon button, toolbar button, tool",ToolButton / Button with icon,"QToolButton","icon-size 16-20px, square >=32px hit area","hover/pressed/checked","setAccessibleName (icon-only has no text!)","Never icon-only without accessibleName/tooltip"
Text Field,"input, line edit, textbox, field",TextField,QLineEdit,"padding 6px 10px, radius 6px, 1px border","QLineEdit:focus border accent / :disabled","visible QLabel via buddy(); echoMode for password","Label above/left, never placeholder-only; show error below"
Combo Box,"combobox, dropdown, select, picker",ComboBox,"QComboBox, QComboBox::drop-down, QComboBox QAbstractItemView","radius 6px, drop-down 20px","hover/focus/on (open)","keyboard openable; arrow keys navigate","Style the popup view selector too or it stays native"
Checkbox Radio,"checkbox, radio, toggle, switch",CheckBox / RadioButton / Switch,"QCheckBox::indicator, QRadioButton::indicator","indicator 16-18px","checked/unchecked/indeterminate/disabled","label is clickable; space toggles","Provide :checked indicator images or QML uses theme"
Slider SpinBox,"slider, spinbox, stepper, range, number",Slider / SpinBox,"QSlider::groove / ::handle, QSpinBox","handle >=16px, groove 4px","hover/pressed/focus","arrow keys adjust; show current value","SpinBox for precise entry; Slider for coarse"
Table,"table, datagrid, grid, rows, cells",TableView (+ delegate),"QTableView, QHeaderView::section, QTableView::item","row height 28-32px, header bold, zebra alt rows","::item:selected / :hover, header :hover","header is screen-reader label; keyboard cell nav","Use QAbstractTableModel; alternatingRowColors(True)"
Tree List,"tree, treeview, list, listview, sidebar",TreeView / ListView,"QTreeView, QListView, ::item, ::branch","indent 16px, item padding 4-6px","::item:selected/:hover, :focus","expandable nodes announce state","Virtualized by default in Qt; good for large data"
Tabs,"tabs, tabbar, tabwidget, segmented",TabBar + StackLayout,"QTabBar::tab, QTabBar::tab:selected","tab padding 8px 14px, selected underline/fill","selected/hover/disabled","Ctrl+Tab cycles; current tab highlighted","Highlight active tab clearly (not color alone)"
Menu Toolbar,"menu, menubar, toolbar, context menu",MenuBar / Menu / ToolBar,"QMenu, QMenu::item, QMenuBar::item, QToolBar","item padding 6px 24px, separators","item:selected/:disabled","mnemonics (&File); shortcuts shown","Right-align nothing critical; show shortcut hints"
Dialog Modal,"dialog, modal, popup, sheet, messagebox",Dialog / Popup,"QDialog, QMessageBox","center on parent, max-width, padding 16px","modal blocks; Esc cancels","focus first field; Esc=cancel Enter=default","Provide explicit Cancel; don't trap the user"
Toast Notification,"toast, snackbar, notification, banner",Popup (timed) / custom,"QFrame styled as toast","auto-dismiss 3-5s, top/bottom corner","enter/exit fade","aria-live equivalent: announce via accessible event","Non-blocking; never steal focus"
Progress Loading,"progress, spinner, busy, loading, indeterminate",ProgressBar / BusyIndicator,"QProgressBar, QProgressBar::chunk","height 6-8px, radius","determinate/indeterminate","announce progress %; don't freeze UI","Run work in QThread/worker; never block GUI thread"
Scroll Area,"scrollbar, scroll, scrollarea, viewport",ScrollView / Flickable,"QScrollBar:vertical, ::handle, ::add-line","handle min 24px, width 10-12px","hover widens (optional)","keyboard + wheel scroll","Avoid nested scroll regions; style both orientations"
Card Group,"card, panel, groupbox, frame, surface",Frame / GroupBox / Pane,"QGroupBox, QGroupBox::title, QFrame","radius 12px, padding 16px, soft border","n/a","group label read by SR","Use QGraphicsDropShadowEffect for elevation in QSS apps"
