Topic,Keywords,Guideline,Do,Don't,Qt API,Notes
Layout managers,"layout, manager, resize, stretch, fixed",Always use layout managers so the UI resizes correctly,Wrap widgets in QVBoxLayout/QHBoxLayout/QGridLayout; set stretch factors,Use setGeometry/absolute positioning or fixed pixel sizes,"QVBoxLayout, QGridLayout, addStretch()","Absolute coords break on resize, DPI, and translations"
Spacing rhythm,"spacing, margin, padding, rhythm, 8px",Use a consistent 4/8px spacing scale,Set layout.setSpacing(8) and contentsMargins multiples of 4,Mix random 3/7/13px gaps,"setSpacing, setContentsMargins","Define spacing tokens once; reuse everywhere"
High-DPI scaling,"hidpi, high dpi, 4k, scaling, blurry, retina",Let Qt scale; design in logical points,Use Qt6 automatic HiDPI; ship SVG + @2x icons; size in pt,Hardcode pixel sizes or disable HiDPI scaling,"Qt::AA_EnableHighDpiScaling (Qt5), automatic in Qt6","Qt6 scales by default; provide setDevicePixelRatio assets"
QML anchors vs layouts,"qml, anchors, layout, rowlayout, columnlayout",Use Layouts for resizable content; anchors for fixed relationships,RowLayout/ColumnLayout/GridLayout with Layout.fillWidth,Anchor everything manually in complex resizable screens,"RowLayout, ColumnLayout, Layout.fillWidth/fillHeight","Mixing anchors inside a Layout item is an error"
Responsive desktop,"responsive, resize, min size, breakpoint, adaptive",Support resizing and a sensible minimum window size,Set minimumSize; collapse sidebars below a width threshold,Assume a single fixed window size,"setMinimumSize, QSplitter, resizeEvent","Use QSplitter for user-resizable panes"
Scroll regions,"scroll, scrollarea, nested scroll, viewport",Avoid nested scrolling that fights the main scroll,One primary scroll area per region; size content to fit,Nest a QScrollArea inside another scrolling view,"QScrollArea, Flickable","Reserve space for fixed headers/footers"
Forms layout,"form, form layout, label, alignment",Align labels and fields consistently,Use QFormLayout for label+field rows,Hand-place labels with spacers,"QFormLayout","QFormLayout handles label alignment + DPI automatically"
Window structure,"window, mainwindow, dock, statusbar, central",Use the standard main-window structure,QMainWindow with central widget + toolbar/menu/status/dock,Cram everything into one giant widget,"QMainWindow, QDockWidget, QStatusBar","Dock widgets give users layout flexibility for pro tools"
Size policy,"size policy, expanding, fixed, stretch",Set size policies so the right widgets grow,"QSizePolicy Expanding for content, Fixed for chrome",Leave default policies and fight with spacers,"setSizePolicy, QSizePolicy.Expanding","Stretch factors + size policies replace manual math"
