Style,Keywords,Best For,Primary Colors,Effects,QML Theme,QSS Notes,Light,Dark,Complexity
Fusion Neutral,"cross-platform, neutral, default, consistent, business",Line-of-business apps that must look identical on Win/Mac/Linux,"#3b82f6 accent on #f5f6f7 surfaces","subtle 1px borders, 4px radius, no shadows","Quick Controls style ""Fusion"" (QQuickStyle.setStyle)","QApplication.setStyle('Fusion') then a small QSS for accent",yes,yes,Low
Fluent Win11,"fluent, windows 11, mica, acrylic, modern windows",Native-feeling Windows 11 desktop apps,"#0067c0 accent, #f3f3f3 / #202020 surfaces","8px radius, soft elevation, reveal hover","Quick Controls ""Universal"" theme (Light/Dark + accent)","QSS rounded corners + hover background; mica via platform API",yes,yes,Medium
macOS Native,"macos, aqua, native mac, vibrancy",Mac-first apps following Apple HIG,"system accent, #ececec / #2b2b2b","rounded 6px, focus ring, translucency","Quick Controls ""macOS"" style","Prefer native style; minimal QSS to avoid breaking native look",yes,yes,Low
Material,"material, android-like, touch, elevation, ripple",Modern touch-friendly or tablet desktop apps,"#6750a4 primary, surface tonal","elevation shadows, ripple, 12px radius","Quick Controls ""Material"" (Material.theme/accent)","Hard to fully reproduce in QSS; prefer QML Material",yes,yes,Medium
Flat Dark IDE,"dark, flat, developer, ide, code editor, low-glare","Developer tools, editors, long-session apps","#1e1e1e bg, #2d2d30 surface, #569cd6 accent","no shadows, 4px radius, 1px subtle borders","Universal/Material dark, or Basic + custom","QSS dark stylesheet on QWidgets; set QPalette dark too",no,yes,Medium
Minimal Light,"minimal, clean, whitespace, productivity, calm","Productivity, notes, forms","#ffffff bg, #111827 text, #2563eb accent","generous spacing, hairline dividers, 6px radius","Basic or Fusion light","Light QSS with lots of padding; avoid heavy borders",yes,partial,Low
High Contrast A11y,"accessibility, high contrast, wcag, low vision",Accessibility mode / government / regulated,"pure #000 / #fff, #ffbf00 focus","thick 2-3px focus outlines, no subtle grays","Basic + explicit colors","QSS with explicit high-contrast colors; honor OS high-contrast",yes,yes,Medium
Dense Pro Data,"dense, compact, data-heavy, admin, tables, trading","Admin panels, dashboards, trading, monitoring","neutral grays + one accent, status colors","compact 2px radius, zebra rows, tight 4px spacing","Fusion compact","QSS compact metrics (small padding, row height ~24px)",yes,yes,High
Card Surface Dashboard,"dashboard, cards, surfaces, kpi, panels","KPI dashboards, home screens","soft surface #f8fafc, accent gradient","12px radius cards, soft shadow, section spacing","Material/Universal","QSS card frames (QFrame) with radius + drop shadow via QGraphicsEffect",yes,yes,Medium
Terminal Mono,"terminal, console, hacker, monospace, retro","Log viewers, CLI front-ends, devops","#0c0c0c bg, #33ff66 / #d4d4d4 text","monospace, scanline optional, 0 radius","Basic dark","QSS monospace font + dark bg; QPlainTextEdit for logs",no,yes,Low
