Category,Issue,Keywords,Description,Do,Don't,Severity
Responsiveness,GUI thread blocking,"freeze, hang, blocking, thread, qthread, async",Long work on the GUI thread freezes the whole window,Move I/O/CPU work to a QThread/worker or QtConcurrent; update UI via signals,Run network/file/DB calls directly in a slot on the main thread,CRITICAL
Accessibility,Missing accessible names,"accessibility, screen reader, accessiblename, icon-only",Icon-only buttons and custom widgets have no name for screen readers,setAccessibleName/setAccessibleDescription; QML Accessible.name,Ship icon-only controls with no accessible name or tooltip,CRITICAL
Accessibility,Focus not visible,"focus, focus ring, keyboard, outline",Users who navigate by keyboard can't see where focus is,Keep a visible :focus style (2px outline); ensure logical tab order,Remove focus rings or set tab order randomly,HIGH
Accessibility,Color-only meaning,"color blind, status, red green, contrast",Conveying state with color alone fails color-blind users,Pair color with icon/text/shape (up arrow + green),Use only red/green to show gain/loss or error/ok,HIGH
Contrast,Low text contrast,"contrast, wcag, readability, gray on gray",Body text below 4.5:1 is hard to read,Verify text >=4.5:1 (large >=3:1) in BOTH light and dark,Light gray text on white surfaces,HIGH
High-DPI,Blurry icons on scaling,"hidpi, high dpi, scaling, blurry, retina, 4k",Raster icons blur at 150%/200% scaling,Use SVG icons + @2x assets; size in points not pixels,Hardcode pixel sizes and ship single-resolution PNGs,HIGH
Feedback,No async feedback,"loading, spinner, feedback, busy, progress",Buttons that trigger slow work give no feedback,Disable the button + show BusyIndicator/progress during async ops,Leave the button enabled with no indication work started,HIGH
Theming,Hardcoded colors,"theme, dark mode, qpalette, tokens, hardcoded",Per-widget hex breaks dark mode and theming,Centralize a QSS theme + QPalette; reference one source of truth,Scatter raw hex across widgets and dialogs,MEDIUM
Theming,Dark mode white flash,"dark mode, flash, palette, startup",Default light QPalette flashes before QSS applies,Set a dark QPalette AND QSS before showing the window,Apply only QSS and leave QPalette light,MEDIUM
Forms,Placeholder as label,"form, label, placeholder, input",Placeholder-only inputs lose their label on focus/typing,Use a persistent QLabel (buddy) above/left of the field,Rely on placeholderText as the only label,MEDIUM
Forms,Errors far from field,"error, validation, form feedback",Errors shown only at top force users to hunt,Show the error message next to the offending field on blur,Validate on every keystroke or only at submit-top,MEDIUM
Dialogs,No escape route,"dialog, modal, cancel, escape, trap",Modal dialogs without Cancel/Esc trap the user,Provide Cancel; Esc dismisses; Enter triggers default,Block the user with a modal that has no way out,MEDIUM
Navigation,Inconsistent placement,"navigation, sidebar, toolbar, consistency",Nav that moves between screens disorients users,Keep toolbar/sidebar placement identical across views,Reorder or relocate primary nav per page,MEDIUM
Density,Cramped click targets,"spacing, density, target size, mis-click",Tiny buttons/rows cause mis-clicks,Min ~28-32px row/control height; 8px gaps between targets,Pack controls edge to edge with 2px gaps,LOW
Motion,Janky or excessive animation,"animation, motion, duration, easing",Long or layout-shifting animations feel cheap,"150-250ms, animate opacity/position via QPropertyAnimation",Animate >400ms or animate layout geometry every frame,LOW
